<?xml version="1.0" encoding="UTF-8"?>
<rss version="2.0" xmlns:atom="http://www.w3.org/2005/Atom">
  <channel>
    <title> 尹成的技术专栏</title>
    <description></description>
    <link>http://localhost:4001/</link>
    <atom:link href="http://localhost:4001/feed.xml" rel="self" type="application/rss+xml"/>
    <pubDate>Tue, 05 Feb 2019 21:07:48 +0800</pubDate>
    <lastBuildDate>Tue, 05 Feb 2019 21:07:48 +0800</lastBuildDate>
    <generator>Jekyll v3.8.5</generator>
    
      <item>
        <title>Markdown Beginner</title>
        <description>&lt;!-- MarkdownTOC --&gt;

&lt;ul&gt;
  &lt;li&gt;&lt;a href=&quot;#%E5%89%8D%E8%A8%80&quot;&gt;前言&lt;/a&gt;
    &lt;ul&gt;
      &lt;li&gt;&lt;a href=&quot;#tools&quot;&gt;Tools&lt;/a&gt;&lt;/li&gt;
    &lt;/ul&gt;
  &lt;/li&gt;
  &lt;li&gt;&lt;a href=&quot;#markdown-syntax&quot;&gt;Markdown: Syntax&lt;/a&gt;
    &lt;ul&gt;
      &lt;li&gt;&lt;a href=&quot;#%E7%9B%AE%E5%BD%95&quot;&gt;目录&lt;/a&gt;&lt;/li&gt;
      &lt;li&gt;&lt;a href=&quot;#%E6%A0%87%E9%A2%98&quot;&gt;标题&lt;/a&gt;&lt;/li&gt;
      &lt;li&gt;&lt;a href=&quot;#%E5%88%97%E8%A1%A8&quot;&gt;列表&lt;/a&gt;
        &lt;ul&gt;
          &lt;li&gt;&lt;a href=&quot;#%E6%97%A0%E5%BA%8F&quot;&gt;无序&lt;/a&gt;&lt;/li&gt;
          &lt;li&gt;&lt;a href=&quot;#%E6%9C%89%E5%BA%8F&quot;&gt;有序&lt;/a&gt;&lt;/li&gt;
          &lt;li&gt;&lt;a href=&quot;#%E5%B5%8C%E5%A5%97%E5%88%97%E8%A1%A8&quot;&gt;嵌套列表&lt;/a&gt;&lt;/li&gt;
        &lt;/ul&gt;
      &lt;/li&gt;
      &lt;li&gt;&lt;a href=&quot;#%E5%BC%95%E7%94%A8&quot;&gt;引用&lt;/a&gt;&lt;/li&gt;
      &lt;li&gt;&lt;a href=&quot;#%E5%9B%BE%E7%89%87&quot;&gt;图片&lt;/a&gt;&lt;/li&gt;
      &lt;li&gt;&lt;a href=&quot;#%E9%93%BE%E6%8E%A5&quot;&gt;链接&lt;/a&gt;&lt;/li&gt;
      &lt;li&gt;&lt;a href=&quot;#%E7%B4%A2%E5%BC%95%E9%93%BE%E6%8E%A5&quot;&gt;索引链接&lt;/a&gt;&lt;/li&gt;
      &lt;li&gt;&lt;a href=&quot;#%E6%9C%AC%E8%BA%AB%E5%B0%B1%E6%98%AF%E9%93%BE%E6%8E%A5&quot;&gt;本身就是链接&lt;/a&gt;&lt;/li&gt;
      &lt;li&gt;&lt;a href=&quot;#%E5%88%86%E5%89%B2%E7%BA%BF&quot;&gt;分割线&lt;/a&gt;&lt;/li&gt;
      &lt;li&gt;&lt;a href=&quot;#%E8%A1%A8%E6%A0%BC&quot;&gt;表格&lt;/a&gt;&lt;/li&gt;
      &lt;li&gt;&lt;a href=&quot;#%E4%BB%A3%E7%A0%81%E5%9D%97&quot;&gt;代码块&lt;/a&gt;&lt;/li&gt;
      &lt;li&gt;&lt;a href=&quot;#%E8%BD%AC%E4%B9%89&quot;&gt;转义&lt;/a&gt;&lt;/li&gt;
      &lt;li&gt;&lt;a href=&quot;#others&quot;&gt;Others&lt;/a&gt;
        &lt;ul&gt;
          &lt;li&gt;&lt;a href=&quot;#%E7%B2%97%E4%BD%93&quot;&gt;粗体&lt;/a&gt;&lt;/li&gt;
          &lt;li&gt;&lt;a href=&quot;#%E6%96%9C%E4%BD%93&quot;&gt;斜体&lt;/a&gt;&lt;/li&gt;
          &lt;li&gt;&lt;a href=&quot;#%E5%AD%97%E4%BD%93-%E5%AD%97%E5%8F%B7-%E5%92%8C%E9%A2%9C%E8%89%B2&quot;&gt;字体, 字号, 和颜色&lt;/a&gt;&lt;/li&gt;
        &lt;/ul&gt;
      &lt;/li&gt;
    &lt;/ul&gt;
  &lt;/li&gt;
  &lt;li&gt;&lt;a href=&quot;#reference&quot;&gt;Reference&lt;/a&gt;&lt;/li&gt;
&lt;/ul&gt;

&lt;!-- /MarkdownTOC --&gt;

&lt;h1 id=&quot;前言&quot;&gt;前言&lt;/h1&gt;
阶段性总结有利于精确自己的目标, 以及为后续的想法开辟空间.

因此开始有必要整理记录.

但是因为没必要像写paper那样规范使用latex, 因此就选择了Markdown.

&lt;h2 id=&quot;tools&quot;&gt;Tools&lt;/h2&gt;
Windows - &lt;a href=&quot;http://www.markdownpad.com/&quot;&gt;MarkdownPad&lt;/a&gt;

Github Pages - (If you have one)

&lt;h1 id=&quot;markdown-syntax&quot;&gt;Markdown: Syntax&lt;/h1&gt;
&lt;h2 id=&quot;目录&quot;&gt;目录&lt;/h2&gt;
&lt;div class=&quot;highlighter-rouge&quot;&gt;&lt;div class=&quot;highlight&quot;&gt;&lt;pre class=&quot;highlight&quot;&gt;&lt;code&gt;[TOC]
&lt;/code&gt;&lt;/pre&gt;&lt;/div&gt;&lt;/div&gt;

由于github不支持显示TOC, 因此需要先用&lt;strong&gt;markdown-toc&lt;/strong&gt;&lt;a href=&quot;[markdown toc](https://github.com/houbb/markdown-toc)&quot;&gt;4&lt;/a&gt;进行预处理
也可以使用sublime里的&lt;strong&gt;markdown-toc&lt;/strong&gt;&lt;a href=&quot;[sublime with markdown-toc](https://www.cnblogs.com/Sinte-Beuve/p/5148108.html)&quot;&gt;5&lt;/a&gt;插件.

&lt;h2 id=&quot;标题&quot;&gt;标题&lt;/h2&gt;
&lt;div class=&quot;highlighter-rouge&quot;&gt;&lt;div class=&quot;highlight&quot;&gt;&lt;pre class=&quot;highlight&quot;&gt;&lt;code&gt;# content
## content
### content
......
&lt;/code&gt;&lt;/pre&gt;&lt;/div&gt;&lt;/div&gt;

一共可以设置六级标题

&lt;h2 id=&quot;列表&quot;&gt;列表&lt;/h2&gt;
&lt;h3 id=&quot;无序&quot;&gt;无序&lt;/h3&gt;
&lt;div class=&quot;highlighter-rouge&quot;&gt;&lt;div class=&quot;highlight&quot;&gt;&lt;pre class=&quot;highlight&quot;&gt;&lt;code&gt;* 1
* 2
* 3 * 1 * 2 * 3
&lt;/code&gt;&lt;/pre&gt;&lt;/div&gt;&lt;/div&gt;

&lt;h3 id=&quot;有序&quot;&gt;有序&lt;/h3&gt;
&lt;div class=&quot;highlighter-rouge&quot;&gt;&lt;div class=&quot;highlight&quot;&gt;&lt;pre class=&quot;highlight&quot;&gt;&lt;code&gt;1. 1
2. 2
3. 3 1. 1 2. 2 3. 3
&lt;/code&gt;&lt;/pre&gt;&lt;/div&gt;&lt;/div&gt;

&lt;h3 id=&quot;嵌套列表&quot;&gt;嵌套列表&lt;/h3&gt;
&lt;div class=&quot;highlighter-rouge&quot;&gt;&lt;div class=&quot;highlight&quot;&gt;&lt;pre class=&quot;highlight&quot;&gt;&lt;code&gt;- AAA
  + A
    - a
      1. contentA
      2. contentB
&lt;/code&gt;&lt;/pre&gt;&lt;/div&gt;&lt;/div&gt;

&lt;ul&gt;
  &lt;li&gt;AAA
    &lt;ul&gt;
      &lt;li&gt;A
        &lt;ul&gt;
          &lt;li&gt;a
            &lt;ol&gt;
              &lt;li&gt;contentA&lt;/li&gt;
              &lt;li&gt;contentB&lt;/li&gt;
            &lt;/ol&gt;
          &lt;/li&gt;
        &lt;/ul&gt;
      &lt;/li&gt;
    &lt;/ul&gt;
  &lt;/li&gt;
&lt;/ul&gt;

&lt;h2 id=&quot;引用&quot;&gt;引用&lt;/h2&gt;
&lt;div class=&quot;highlighter-rouge&quot;&gt;&lt;div class=&quot;highlight&quot;&gt;&lt;pre class=&quot;highlight&quot;&gt;&lt;code&gt;&amp;gt; contentA
  &amp;gt;&amp;gt; contentB
&lt;/code&gt;&lt;/pre&gt;&lt;/div&gt;&lt;/div&gt;

&lt;blockquote&gt;
  contentA
  &lt;blockquote&gt;
    contentB
  &lt;/blockquote&gt;
&lt;/blockquote&gt;

之后的文本内容需要插入空行

&lt;h2 id=&quot;图片&quot;&gt;图片&lt;/h2&gt;
&lt;div class=&quot;highlighter-rouge&quot;&gt;&lt;div class=&quot;highlight&quot;&gt;&lt;pre class=&quot;highlight&quot;&gt;&lt;code&gt;！[icon](link to the picture)
&lt;/code&gt;&lt;/pre&gt;&lt;/div&gt;&lt;/div&gt;

&lt;h2 id=&quot;链接&quot;&gt;链接&lt;/h2&gt;
&lt;div class=&quot;highlighter-rouge&quot;&gt;&lt;div class=&quot;highlight&quot;&gt;&lt;pre class=&quot;highlight&quot;&gt;&lt;code&gt;[content](link to the content)
&lt;/code&gt;&lt;/pre&gt;&lt;/div&gt;&lt;/div&gt;

&lt;h2 id=&quot;索引链接&quot;&gt;索引链接&lt;/h2&gt;
&lt;div class=&quot;highlighter-rouge&quot;&gt;&lt;div class=&quot;highlight&quot;&gt;&lt;pre class=&quot;highlight&quot;&gt;&lt;code&gt;[content][1]
[1]:Url [content][1] [1]:Url
&lt;/code&gt;&lt;/pre&gt;&lt;/div&gt;&lt;/div&gt;

&lt;h2 id=&quot;本身就是链接&quot;&gt;本身就是链接&lt;/h2&gt;
&lt;div class=&quot;highlighter-rouge&quot;&gt;&lt;div class=&quot;highlight&quot;&gt;&lt;pre class=&quot;highlight&quot;&gt;&lt;code&gt;&amp;lt;url&amp;gt;
&lt;/code&gt;&lt;/pre&gt;&lt;/div&gt;&lt;/div&gt;
&lt;a href=&quot;https://xinyao1994.github.io/&quot;&gt;https://xinyao1994.github.io/&lt;/a&gt;

&lt;h2 id=&quot;分割线&quot;&gt;分割线&lt;/h2&gt;
&lt;div class=&quot;highlighter-rouge&quot;&gt;&lt;div class=&quot;highlight&quot;&gt;&lt;pre class=&quot;highlight&quot;&gt;&lt;code&gt;***
---
&lt;/code&gt;&lt;/pre&gt;&lt;/div&gt;&lt;/div&gt;

&lt;h2 id=&quot;表格&quot;&gt;表格&lt;/h2&gt;
&lt;div class=&quot;highlighter-rouge&quot;&gt;&lt;div class=&quot;highlight&quot;&gt;&lt;pre class=&quot;highlight&quot;&gt;&lt;code&gt;| Tables        | Are           | Cool  |
| ------------- |:-------------:| -----:|
| col 3 is      | right-aligned | $1600 |
| col 2 is      | centered      |   $12 |
| zebra stripes | are neat      |    $1 |
&lt;/code&gt;&lt;/pre&gt;&lt;/div&gt;&lt;/div&gt;

&lt;table&gt;
  &lt;thead&gt;
    &lt;tr&gt;
      &lt;th&gt;Tables&lt;/th&gt;
      &lt;th style=&quot;text-align: center&quot;&gt;Are&lt;/th&gt;
      &lt;th style=&quot;text-align: right&quot;&gt;Cool&lt;/th&gt;
    &lt;/tr&gt;
  &lt;/thead&gt;
  &lt;tbody&gt;
    &lt;tr&gt;
      &lt;td&gt;col 3 is&lt;/td&gt;
      &lt;td style=&quot;text-align: center&quot;&gt;right-aligned&lt;/td&gt;
      &lt;td style=&quot;text-align: right&quot;&gt;$1600&lt;/td&gt;
    &lt;/tr&gt;
    &lt;tr&gt;
      &lt;td&gt;col 2 is&lt;/td&gt;
      &lt;td style=&quot;text-align: center&quot;&gt;centered&lt;/td&gt;
      &lt;td style=&quot;text-align: right&quot;&gt;$12&lt;/td&gt;
    &lt;/tr&gt;
    &lt;tr&gt;
      &lt;td&gt;zebra stripes&lt;/td&gt;
      &lt;td style=&quot;text-align: center&quot;&gt;are neat&lt;/td&gt;
      &lt;td style=&quot;text-align: right&quot;&gt;$1&lt;/td&gt;
    &lt;/tr&gt;
  &lt;/tbody&gt;
&lt;/table&gt;

&lt;h2 id=&quot;代码块&quot;&gt;代码块&lt;/h2&gt;
&lt;div class=&quot;highlighter-rouge&quot;&gt;&lt;div class=&quot;highlight&quot;&gt;&lt;pre class=&quot;highlight&quot;&gt;&lt;code&gt;``` [python]
@requires_authorization
def add(a, b): # add a and b
    return a+b
class TA:
```
&lt;/code&gt;&lt;/pre&gt;&lt;/div&gt;&lt;/div&gt;

&lt;pre&gt;&lt;code class=&quot;language-[python]&quot;&gt;@requires_authorization
def add(a, b): # add a and b
	return a+b
class TA:
&lt;/code&gt;&lt;/pre&gt;

or 每行文字前加4个空格或者1个Tab

&lt;h2 id=&quot;转义&quot;&gt;转义&lt;/h2&gt;

&lt;h2 id=&quot;others&quot;&gt;Others&lt;/h2&gt;
&lt;h3 id=&quot;粗体&quot;&gt;粗体&lt;/h3&gt;
&lt;div class=&quot;highlighter-rouge&quot;&gt;&lt;div class=&quot;highlight&quot;&gt;&lt;pre class=&quot;highlight&quot;&gt;&lt;code&gt;**content** **content**

__content__ __content__
&lt;/code&gt;&lt;/pre&gt;&lt;/div&gt;&lt;/div&gt;

&lt;h3 id=&quot;斜体&quot;&gt;斜体&lt;/h3&gt;
&lt;div class=&quot;highlighter-rouge&quot;&gt;&lt;div class=&quot;highlight&quot;&gt;&lt;pre class=&quot;highlight&quot;&gt;&lt;code&gt;*content* *content*

_content_ _content_
&lt;/code&gt;&lt;/pre&gt;&lt;/div&gt;&lt;/div&gt;

&lt;h3 id=&quot;字体-字号-和颜色&quot;&gt;字体, 字号, 和颜色&lt;/h3&gt;
&lt;div class=&quot;highlighter-rouge&quot;&gt;&lt;div class=&quot;highlight&quot;&gt;&lt;pre class=&quot;highlight&quot;&gt;&lt;code&gt;&amp;lt;font face=&quot;黑体&quot;&amp;gt;我是黑体字&amp;lt;/font&amp;gt;
&amp;lt;font face=&quot;微软雅黑&quot;&amp;gt;我是微软雅黑&amp;lt;/font&amp;gt;
&amp;lt;font face=&quot;Verdana&quot;&amp;gt;I like Verdana format&amp;lt;/font&amp;gt;
&lt;/code&gt;&lt;/pre&gt;&lt;/div&gt;&lt;/div&gt;

&lt;font face=&quot;黑体&quot;&gt;我是黑体字&lt;/font&gt;

&lt;font face=&quot;微软雅黑&quot;&gt;我是微软雅黑&lt;/font&gt;

&lt;font face=&quot;Verdana&quot;&gt;I like Verdana format&lt;/font&gt;

&lt;h1 id=&quot;reference&quot;&gt;Reference&lt;/h1&gt;

</description>
        <pubDate>Tue, 25 Sep 2018 00:00:00 +0800</pubDate>
        <link>http://localhost:4001/2018/09/25/Markdown-Beginner/</link>
        <guid isPermaLink="true">http://localhost:4001/2018/09/25/Markdown-Beginner/</guid>
        
        <category>Markdown</category>
        
        
      </item>
    
      <item>
        <title>Git Beginner</title>
        <description>&lt;!-- MarkdownTOC --&gt;

&lt;ul&gt;
  &lt;li&gt;&lt;a href=&quot;#what-is-a-git&quot;&gt;What is a git&lt;/a&gt;&lt;/li&gt;
  &lt;li&gt;&lt;a href=&quot;#preparation&quot;&gt;Preparation&lt;/a&gt;
    &lt;ul&gt;
      &lt;li&gt;&lt;a href=&quot;#history&quot;&gt;History&lt;/a&gt;&lt;/li&gt;
      &lt;li&gt;&lt;a href=&quot;#install&quot;&gt;Install&lt;/a&gt;&lt;/li&gt;
      &lt;li&gt;&lt;a href=&quot;#configuration&quot;&gt;configuration&lt;/a&gt;&lt;/li&gt;
    &lt;/ul&gt;
  &lt;/li&gt;
  &lt;li&gt;&lt;a href=&quot;#begin&quot;&gt;Begin&lt;/a&gt;
    &lt;ul&gt;
      &lt;li&gt;&lt;a href=&quot;#init-the-git&quot;&gt;init the git&lt;/a&gt;&lt;/li&gt;
      &lt;li&gt;&lt;a href=&quot;#stream&quot;&gt;stream&lt;/a&gt;&lt;/li&gt;
    &lt;/ul&gt;
  &lt;/li&gt;
  &lt;li&gt;&lt;a href=&quot;#file-operations&quot;&gt;File Operations&lt;/a&gt;
    &lt;ul&gt;
      &lt;li&gt;&lt;a href=&quot;#add-git-status-to-check&quot;&gt;Add (git status to check)&lt;/a&gt;&lt;/li&gt;
      &lt;li&gt;&lt;a href=&quot;#removegit-status-to-check&quot;&gt;Remove(git status to check)&lt;/a&gt;&lt;/li&gt;
      &lt;li&gt;&lt;a href=&quot;#renamegit-status-to-check&quot;&gt;Rename(git status to check)&lt;/a&gt;&lt;/li&gt;
    &lt;/ul&gt;
  &lt;/li&gt;
  &lt;li&gt;&lt;a href=&quot;#rollback&quot;&gt;Rollback&lt;/a&gt;
    &lt;ul&gt;
      &lt;li&gt;&lt;a href=&quot;#git-diff-to-check-to-change&quot;&gt;git diff to check to change&lt;/a&gt;&lt;/li&gt;
      &lt;li&gt;&lt;a href=&quot;#git reset&quot;&gt;Warning&lt;/a&gt;&lt;/li&gt;
      &lt;li&gt;&lt;a href=&quot;#gitignore&quot;&gt;.gitignore&lt;/a&gt;&lt;/li&gt;
      &lt;li&gt;&lt;a href=&quot;#gitkeep&quot;&gt;.gitkeep&lt;/a&gt;&lt;/li&gt;
      &lt;li&gt;&lt;a href=&quot;#other-options&quot;&gt;Other options&lt;/a&gt;&lt;/li&gt;
    &lt;/ul&gt;
  &lt;/li&gt;
  &lt;li&gt;&lt;a href=&quot;#branch&quot;&gt;Branch&lt;/a&gt;
    &lt;ul&gt;
      &lt;li&gt;&lt;a href=&quot;#branch-is-needed-cheap-try&quot;&gt;branch is needed, cheap, try&lt;/a&gt;&lt;/li&gt;
      &lt;li&gt;&lt;a href=&quot;#operations&quot;&gt;operations&lt;/a&gt;&lt;/li&gt;
      &lt;li&gt;&lt;a href=&quot;#merge&quot;&gt;Merge&lt;/a&gt;&lt;/li&gt;
      &lt;li&gt;&lt;a href=&quot;#stash&quot;&gt;stash&lt;/a&gt;&lt;/li&gt;
    &lt;/ul&gt;
  &lt;/li&gt;
  &lt;li&gt;&lt;a href=&quot;#remote-link-to-the-github-or-others&quot;&gt;Remote (link to the github or others)&lt;/a&gt;
    &lt;ul&gt;
      &lt;li&gt;&lt;a href=&quot;#set-up-a-github-account&quot;&gt;Set up a github account&lt;/a&gt;&lt;/li&gt;
      &lt;li&gt;&lt;a href=&quot;#password-caching&quot;&gt;password caching&lt;/a&gt;&lt;/li&gt;
    &lt;/ul&gt;
  &lt;/li&gt;
&lt;/ul&gt;

&lt;!-- /MarkdownTOC --&gt;

&lt;a id=&quot;what-is-a-git&quot;&gt;&lt;/a&gt;
&lt;h2 id=&quot;what-is-a-git&quot;&gt;What is a git&lt;/h2&gt;
&lt;div class=&quot;highlighter-rouge&quot;&gt;&lt;div class=&quot;highlight&quot;&gt;&lt;pre class=&quot;highlight&quot;&gt;&lt;code&gt; git 帮助我们进行代码的版本控制，我于2015/10/1花费一天时间学习一个关于git的视频,然后再参考几篇博客,将git的使用方法全部弄清楚。let's begin!
&lt;/code&gt;&lt;/pre&gt;&lt;/div&gt;&lt;/div&gt;

&lt;a id=&quot;preparation&quot;&gt;&lt;/a&gt;
##Preparation

&lt;a id=&quot;history&quot;&gt;&lt;/a&gt;
&lt;h3 id=&quot;history&quot;&gt;History&lt;/h3&gt;
&lt;ol&gt;
  &lt;li&gt;*SCCS Source Code Control System *
    &lt;ul&gt;
      &lt;li&gt;1972， closed source, free with Unix&lt;/li&gt;
    &lt;/ul&gt;
  &lt;/li&gt;
  &lt;li&gt;*RCS Revision Control System *
    &lt;ul&gt;
      &lt;li&gt;1982， open source.&lt;/li&gt;
    &lt;/ul&gt;
  &lt;/li&gt;
  &lt;li&gt;*CVS Concurrent Versions System *
    &lt;ul&gt;
      &lt;li&gt;1986 - 1990, open source&lt;/li&gt;
    &lt;/ul&gt;
  &lt;/li&gt;
  &lt;li&gt;*SVN *
    &lt;ul&gt;
      &lt;li&gt;2000, open source&lt;/li&gt;
    &lt;/ul&gt;
  &lt;/li&gt;
  &lt;li&gt;&lt;em&gt;BitKeeper SCM&lt;/em&gt;
    &lt;ul&gt;
      &lt;li&gt;distributed version&lt;/li&gt;
    &lt;/ul&gt;
  &lt;/li&gt;
  &lt;li&gt;*GIT *
    &lt;ul&gt;
      &lt;li&gt;github come out
&lt;a id=&quot;install&quot;&gt;&lt;/a&gt;
        &lt;h3 id=&quot;install&quot;&gt;Install&lt;/h3&gt;
        &lt;blockquote&gt;
          参考官网的安装方法    —— &lt;a href=&quot;https://git-scm.com&quot; target=&quot;_blank&quot;&gt; [git web]&lt;/a&gt;
        &lt;/blockquote&gt;
      &lt;/li&gt;
    &lt;/ul&gt;
  &lt;/li&gt;
  &lt;li&gt;download the tar.gz or some package[your linux]&lt;/li&gt;
  &lt;li&gt;tar zxvf *.tar.gz&lt;/li&gt;
  &lt;li&gt;/configure&lt;/li&gt;
  &lt;li&gt;make &amp;amp;&amp;amp; make install&lt;/li&gt;
  &lt;li&gt;finish.
or you can try:
    &lt;ul&gt;
      &lt;li&gt;apt-get install git&lt;/li&gt;
      &lt;li&gt;yum install -y git&lt;/li&gt;
      &lt;li&gt;pacman -S git
&lt;a id=&quot;configuration&quot;&gt;&lt;/a&gt;
###configuration&lt;/li&gt;
    &lt;/ul&gt;
  &lt;/li&gt;
  &lt;li&gt;git config –global user.name [your name]&lt;/li&gt;
  &lt;li&gt;git config –global user.email [your email]&lt;/li&gt;
  &lt;li&gt;git config –global core.editor “vim”&lt;/li&gt;
  &lt;li&gt;git config –global color.ui true&lt;/li&gt;
  &lt;li&gt;use bash config
    &lt;ul&gt;
      &lt;li&gt;wget https://github.com/git/git/raw/master/contrib/completion/git-completion.bash
       * ls
       * mv git-completion.bash ~/.git-completion.bash
       * add to .bashrc that if exist this bash, source it.&lt;/li&gt;
    &lt;/ul&gt;
  &lt;/li&gt;
  &lt;li&gt;help 
&lt;a id=&quot;begin&quot;&gt;&lt;/a&gt;
    &lt;h2 id=&quot;begin&quot;&gt;Begin&lt;/h2&gt;
    &lt;a id=&quot;init-the-git&quot;&gt;&lt;/a&gt;
    &lt;h3 id=&quot;init-the-git&quot;&gt;init the git&lt;/h3&gt;
  &lt;/li&gt;
  &lt;li&gt;mkdir dir1&lt;/li&gt;
  &lt;li&gt;cd dir1&lt;/li&gt;
  &lt;li&gt;git init&lt;/li&gt;
  &lt;li&gt;add one file (make change)&lt;/li&gt;
  &lt;li&gt;git add . (add change)&lt;/li&gt;
  &lt;li&gt;git commit -m “some word” (commit change)&lt;/li&gt;
  &lt;li&gt;git log -n/ –since/ –until/ –grep
&lt;a id=&quot;stream&quot;&gt;&lt;/a&gt;
    &lt;h3 id=&quot;stream&quot;&gt;stream&lt;/h3&gt;
    working -add file- staging index -commit- repositiry
  &lt;/li&gt;
&lt;/ol&gt;

&lt;a id=&quot;file-operations&quot;&gt;&lt;/a&gt;
&lt;h2 id=&quot;file-operations&quot;&gt;File Operations&lt;/h2&gt;
&lt;a id=&quot;add-git-status-to-check&quot;&gt;&lt;/a&gt;
&lt;h3 id=&quot;add-git-status-to-check&quot;&gt;Add (git status to check)&lt;/h3&gt;
&lt;ul&gt;
  &lt;li&gt;git add .&lt;/li&gt;
  &lt;li&gt;git commit -m “”&lt;/li&gt;
  &lt;li&gt;git diff&lt;/li&gt;
  &lt;li&gt;git commit -ma “”
&lt;a id=&quot;removegit-status-to-check&quot;&gt;&lt;/a&gt;
    &lt;h3 id=&quot;removegit-status-to-check&quot;&gt;Remove(git status to check)&lt;/h3&gt;
  &lt;/li&gt;
  &lt;li&gt;git rm filename&lt;/li&gt;
  &lt;li&gt;git commit -m “”
&lt;a id=&quot;renamegit-status-to-check&quot;&gt;&lt;/a&gt;
    &lt;h3 id=&quot;renamegit-status-to-check&quot;&gt;Rename(git status to check)&lt;/h3&gt;
  &lt;/li&gt;
  &lt;li&gt;git add file&lt;/li&gt;
  &lt;li&gt;git rm file&lt;/li&gt;
  &lt;li&gt;git commit -m “”&lt;/li&gt;
  &lt;li&gt;or you can use git mv file1 file2
&lt;a id=&quot;rollback&quot;&gt;&lt;/a&gt;
    &lt;h2 id=&quot;rollback&quot;&gt;Rollback&lt;/h2&gt;
    &lt;a id=&quot;git-diff-to-check-to-change&quot;&gt;&lt;/a&gt;
    &lt;h3 id=&quot;git-diff-to-check-to-change&quot;&gt;git diff to check to change&lt;/h3&gt;
    &lt;ol&gt;
      &lt;li&gt;git checkout – file(before add)
  it can return the status of the workspace.&lt;/li&gt;
      &lt;li&gt;git reset HEAD file (after add)&lt;/li&gt;
    &lt;/ol&gt;
    &lt;ul&gt;
      &lt;li&gt;unstage the file -&amp;gt; before add&lt;/li&gt;
      &lt;li&gt;git checkout – file
        &lt;ol&gt;
          &lt;li&gt;git (after commit)&lt;/li&gt;
        &lt;/ol&gt;
      &lt;/li&gt;
      &lt;li&gt;find the Hash value of commit&lt;/li&gt;
      &lt;li&gt;git comment –amend append to the same commit&lt;/li&gt;
      &lt;li&gt;git diff –staged&lt;/li&gt;
      &lt;li&gt;return the commit status
        &lt;blockquote&gt;
          git checkout [commit hash] – file
        &lt;/blockquote&gt;
      &lt;/li&gt;
    &lt;/ul&gt;
  &lt;/li&gt;
&lt;/ul&gt;

&lt;a id=&quot;git reset&quot;&gt;&lt;/a&gt;
&lt;h3 id=&quot;warning-git-reset&quot;&gt;Warning [git reset]&lt;/h3&gt;
&lt;ol&gt;
  &lt;li&gt;–soft not change staging index &amp;amp; workspace&lt;/li&gt;
  &lt;li&gt;–mixed(default) change staging &amp;amp; not workspace&lt;/li&gt;
  &lt;li&gt;–hard change staging &amp;amp; change workspace
    &lt;blockquote&gt;
      usage : git reset –soft [commit hash]
git reset HEAD file
-n try to do -f force to do
&lt;a id=&quot;gitignore&quot;&gt;&lt;/a&gt;
      &lt;h3 id=&quot;gitignore&quot;&gt;.gitignore&lt;/h3&gt;
      it can help us to ignore some file or dir
reference :
    &lt;/blockquote&gt;
  &lt;/li&gt;
  &lt;li&gt;help.github.com/articles/ignoring-files&lt;/li&gt;
  &lt;li&gt;github.com/github/gitignore
git config –global core.excludesfile pathtofile
    &lt;ul&gt;
      &lt;li&gt;git rm –cached file 
&lt;a id=&quot;gitkeep&quot;&gt;&lt;/a&gt;
        &lt;h3 id=&quot;gitkeep&quot;&gt;.gitkeep&lt;/h3&gt;
        git log –oneline/ –graph/ –all/ –decorate
&lt;a id=&quot;other-options&quot;&gt;&lt;/a&gt;
        &lt;h3 id=&quot;other-options&quot;&gt;Other options&lt;/h3&gt;
      &lt;/li&gt;
      &lt;li&gt;git show [hash]&lt;/li&gt;
      &lt;li&gt;git diff [hash] &amp;amp; git diff [hash1]..[hash2]
&lt;a id=&quot;branch&quot;&gt;&lt;/a&gt;
        &lt;h2 id=&quot;branch&quot;&gt;Branch&lt;/h2&gt;
        &lt;a id=&quot;branch-is-needed-cheap-try&quot;&gt;&lt;/a&gt;
        &lt;h3 id=&quot;branch-is-needed-cheap-try&quot;&gt;branch is needed, cheap, try&lt;/h3&gt;
      &lt;/li&gt;
    &lt;/ul&gt;
  &lt;/li&gt;
  &lt;li&gt;try new ideas&lt;/li&gt;
  &lt;li&gt;isolate the workspace&lt;/li&gt;
  &lt;li&gt;fast context switching
&lt;a id=&quot;operations&quot;&gt;&lt;/a&gt;
    &lt;h3 id=&quot;operations&quot;&gt;operations&lt;/h3&gt;
    &lt;blockquote&gt;
      &lt;ul&gt;
        &lt;li&gt;git branch&lt;/li&gt;
        &lt;li&gt;&lt;strong&gt;create&lt;/strong&gt; -&amp;gt; git branch new_branch_name&lt;/li&gt;
        &lt;li&gt;&lt;strong&gt;switch&lt;/strong&gt; -&amp;gt; git checkout branch_name&lt;/li&gt;
        &lt;li&gt;git checkout -b new_branch_name&lt;/li&gt;
        &lt;li&gt;git diff [branch1]..[branch2] (use –color-words)&lt;/li&gt;
        &lt;li&gt;git branch –merged&lt;/li&gt;
        &lt;li&gt;git branch -m old_name new_name (–move)&lt;/li&gt;
        &lt;li&gt;git barnch -d(–delete) name (-D to delete a non-empty branch)&lt;/li&gt;
        &lt;li&gt;prompt
          &lt;ol&gt;
            &lt;li&gt;export PS1=’$(__git_ps1 “(%s)”) &amp;gt; ‘&lt;/li&gt;
            &lt;li&gt;export PS1=’\W$(__git_ps1 “(%s)”) &amp;gt; ‘&lt;/li&gt;
            &lt;li&gt;export PS1=$PS1’$(__git_ps1 “(%s)”) &amp;gt; ‘ (it’s cool !)&lt;/li&gt;
          &lt;/ol&gt;
        &lt;/li&gt;
      &lt;/ul&gt;
    &lt;/blockquote&gt;
  &lt;/li&gt;
&lt;/ol&gt;

Attantion: barnch is a stack mode, current branch can’t be delete
&lt;a id=&quot;merge&quot;&gt;&lt;/a&gt;
&lt;h3 id=&quot;merge&quot;&gt;Merge&lt;/h3&gt;
&lt;blockquote&gt;
  &lt;ul&gt;
    &lt;li&gt;git merge exist_branch&lt;/li&gt;
    &lt;li&gt;git branch –merged&lt;/li&gt;
    &lt;li&gt;conflict
      &lt;ul&gt;
        &lt;li&gt;
          &lt;ol&gt;
            &lt;li&gt;change by yourselt&lt;/li&gt;
          &lt;/ol&gt;
        &lt;/li&gt;
        &lt;li&gt;
          &lt;ol&gt;
            &lt;li&gt;git log –graph –oneline –all –decorate&lt;/li&gt;
          &lt;/ol&gt;
        &lt;/li&gt;
        &lt;li&gt;
          &lt;ol&gt;
            &lt;li&gt;git mergetool –tool=&lt;/li&gt;
          &lt;/ol&gt;
        &lt;/li&gt;
      &lt;/ul&gt;
    &lt;/li&gt;
  &lt;/ul&gt;
&lt;/blockquote&gt;

Attention:
&lt;ul&gt;
  &lt;li&gt;keep lines short&lt;/li&gt;
  &lt;li&gt;commits small focused&lt;/li&gt;
  &lt;li&gt;merge often
&lt;a id=&quot;stash&quot;&gt;&lt;/a&gt;
    &lt;h3 id=&quot;stash&quot;&gt;stash&lt;/h3&gt;
    &lt;ol&gt;
      &lt;li&gt;git stash save “changed mission …”&lt;/li&gt;
      &lt;li&gt;git stash list&lt;/li&gt;
      &lt;li&gt;git stash show stash@{0}  (you may use -p option)&lt;/li&gt;
      &lt;li&gt;git stash apply&lt;/li&gt;
      &lt;li&gt;git stash pop&lt;/li&gt;
      &lt;li&gt;git stash drop stash@{0}
&lt;a id=&quot;remote-link-to-the-github-or-others&quot;&gt;&lt;/a&gt;
        &lt;h2 id=&quot;remote-link-to-the-github-or-others&quot;&gt;Remote (link to the github or others)&lt;/h2&gt;
        &lt;img src=&quot;http://img.blog.csdn.net/20151001194223393&quot; alt=&quot;Remote Git&quot; /&gt;
Easily, this can be changed to
&lt;img src=&quot;http://img.blog.csdn.net/20151001194446158&quot; alt=&quot;Remote Git now&quot; /&gt;
&lt;a id=&quot;set-up-a-github-account&quot;&gt;&lt;/a&gt;
        &lt;h3 id=&quot;set-up-a-github-account&quot;&gt;Set up a github account&lt;/h3&gt;
      &lt;/li&gt;
      &lt;li&gt;you set up a account&lt;/li&gt;
      &lt;li&gt;Create a repository&lt;/li&gt;
      &lt;li&gt;look at the code following
        &lt;div class=&quot;highlighter-rouge&quot;&gt;&lt;div class=&quot;highlight&quot;&gt;&lt;pre class=&quot;highlight&quot;&gt;&lt;code&gt;echo #  &amp;gt;&amp;gt; README.md
git init
git add README.md
git commit -m &quot;first commit&quot;
git remote add origin https://github.com/[User account]/[project name].git
git push -u origin master
&lt;/code&gt;&lt;/pre&gt;&lt;/div&gt;        &lt;/div&gt;
      &lt;/li&gt;
    &lt;/ol&gt;
  &lt;/li&gt;
  &lt;li&gt;you can easy use 
     git remote rm origin&lt;/li&gt;
  &lt;li&gt;git branch -a/-r&lt;/li&gt;
  &lt;li&gt;git push -f&lt;/li&gt;
  &lt;li&gt;git fetch
    &lt;ul&gt;
      &lt;li&gt;fetch before work&lt;/li&gt;
      &lt;li&gt;fetch before push&lt;/li&gt;
      &lt;li&gt;fetch often&lt;/li&gt;
    &lt;/ul&gt;
  &lt;/li&gt;
  &lt;li&gt;git pull = git fetch + git merge&lt;/li&gt;
  &lt;li&gt;git push origin :your branch&lt;/li&gt;
  &lt;li&gt;git push origin [–delete] branch
    &lt;blockquote&gt;
      [远程分支的使用]
git checkout -b [new_branch]
(make some change)
git commit -am “word”
git push [远程仓库名] [远程分支名(new_branch)]
&lt;a id=&quot;password-caching&quot;&gt;&lt;/a&gt;
      &lt;h3 id=&quot;password-caching&quot;&gt;password caching&lt;/h3&gt;
      &lt;a href=&quot;https://help.github.com/articles/caching-your-github-password-in-git/&quot;&gt;Password Caching&lt;/a&gt;
or save the ssh key.
    &lt;/blockquote&gt;
  &lt;/li&gt;
&lt;/ul&gt;
</description>
        <pubDate>Tue, 25 Sep 2018 00:00:00 +0800</pubDate>
        <link>http://localhost:4001/2018/09/25/Git-Beginner/</link>
        <guid isPermaLink="true">http://localhost:4001/2018/09/25/Git-Beginner/</guid>
        
        <category>git</category>
        
        
      </item>
    
      <item>
        <title>Open Github Pages for blogs</title>
        <description>&lt;h1 id=&quot;organization&quot;&gt;Organization&lt;/h1&gt;
_config.yml ：全局配置文件

posts :放文章的文件夹

img 存放图片的文件夹

&lt;h1 id=&quot;settings-mainly-on-_configyml&quot;&gt;Settings (mainly on _config.yml)&lt;/h1&gt;

&lt;h1 id=&quot;sidebar-settings&quot;&gt;Sidebar settings&lt;/h1&gt;
sidebar: true

sidebar-about-description:

sidebar-avatar:

&lt;h1 id=&quot;reference&quot;&gt;Reference&lt;/h1&gt;

*&lt;a href=&quot;https://www.jianshu.com/p/e68fba58f75c&quot;&gt;BY Blogs&lt;/a&gt;

*&lt;a href=&quot;https://blog.csdn.net/xudailong_blog/article/details/78762262&quot;&gt;xudailong Blogs&lt;/a&gt;

*&lt;a href=&quot;https://www.jekyll.com.cn/&quot;&gt;jekyll&lt;/a&gt;

*&lt;a href=&quot;http://qiubaiying.top/2017/12/19/%E4%B8%BA%E5%8D%9A%E5%AE%A2%E6%B7%BB%E5%8A%A0-Gitalk-%E8%AF%84%E8%AE%BA%E6%8F%92%E4%BB%B6/&quot;&gt;gitalk&lt;/a&gt;
</description>
        <pubDate>Mon, 24 Sep 2018 00:00:00 +0800</pubDate>
        <link>http://localhost:4001/2018/09/24/Open-Github-Pages-for-blogs/</link>
        <guid isPermaLink="true">http://localhost:4001/2018/09/24/Open-Github-Pages-for-blogs/</guid>
        
        <category>git</category>
        
        <category>Markdown</category>
        
        
      </item>
    
  </channel>
</rss>
